step, loss
0,0.47005
100,0.440135
200,0.46278
300,0.456615
400,0.451721
500,0.45814
600,0.447368
700,0.441982
