step, loss
0,0.536692
100,0.545993
200,0.542786
300,0.540375
400,0.547925
500,0.534418
600,0.545806
700,0.539625
