step, train_acc
0,0.84375
100,0.90625
200,0.882812
300,0.890625
400,0.890625
500,0.914062
600,0.867188
700,0.898438
