step, train_acc
0,1.0
100,0.984375
200,0.992188
300,0.992188
400,0.976563
500,0.992188
600,0.96875
700,0.992188
